[
    {
        "id": "e101",
        "subject": "Your memory is almost full",
        "body": "Lorem ipsum dolor sit amet consectetur adipisicing elit. Quasi quod ipsam recusandae assumenda pariatur, incidunt, tenetur nulla quas odio atque aperiam veniam praesentium alias, cum optio consequuntur? Optio, maxime accusamus",
        "isRead": true,
        "isStarred": false,
        "isTrash": false,
        "isSpam": true,
        "isImportant": false,
        "isDraft": false,
        "isSnoozed": false,
        "isScheduled": true,
        "savedAt": 1665058094343,
        "from": "momo@momo.com",
        "to": "user@appsus.com"
    },
    {
        "id": "e102",
        "subject": "Meeting updates",
        "body": "Lorem ipsum dolor sit amet consectetur adipisicing elit. Quasi quod ipsam recusandae assumenda pariatur, incidunt, tenetur nulla quas odio atque aperiam veniam praesentium alias, cum optio consequuntur? Optio, maxime accusamus",
        "isRead": false,
        "isStarred": false,
        "isTrash": true,
        "isSpam": false,
        "isImportant": false,
        "isDraft": false,
        "isSnoozed": true,
        "isScheduled": false,
        "savedAt": 1664058094343,
        "from": "momo@momo.com",
        "to": "user@appsus.com"
    },
    {
        "id": "e103",
        "subject": "11.2.2022 Hearing Protocol",
        "body": "Lorem ipsum dolor sit amet consectetur adipisicing elit. Quasi quod ipsam recusandae assumenda pariatur, incidunt, tenetur nulla quas odio atque aperiam veniam praesentium alias, cum optio consequuntur? Optio, maxime accusamus",
        "isRead": false,
        "isStarred": true,
        "isTrash": false,
        "isSpam": false,
        "isImportant": true,
        "isDraft": false,
        "isSnoozed": false,
        "isScheduled": false,
        "savedAt": 1663058094343,
        "from": "lala@lala.com",
        "to": "user@appsus.com"
    },
    {
        "id": "e104",
        "subject": "Your LinkedIn account has been viewed by 47 people",
        "body": "Lorem ipsum dolor sit amet consectetur adipisicing elit. Quasi quod ipsam recusandae assumenda pariatur, incidunt, tenetur nulla quas odio atque aperiam veniam praesentium alias, cum optio consequuntur? Optio, maxime accusamus",
        "isRead": true,
        "isStarred": false,
        "isTrash": false,
        "isSpam": true,
        "isImportant": false,
        "isDraft": false,
        "isSnoozed": false,
        "isScheduled": true,
        "savedAt": 1662058094343,
        "from": "momo@momo.com",
        "to": "user@appsus.com"
    },
    {
        "id": "e105",
        "subject": "A brief update",
        "body": "Lorem ipsum dolor sit amet consectetur adipisicing elit. Quasi quod ipsam recusandae assumenda pariatur, incidunt, tenetur nulla quas odio atque aperiam veniam praesentium alias, cum optio consequuntur? Optio, maxime accusamus",
        "isRead": true,
        "isStarred": false,
        "isTrash": false,
        "isSpam": true,
        "isImportant": false,
        "isDraft": false,
        "isSnoozed": false,
        "isScheduled": true,
        "savedAt": 1661058094343,
        "from": "lala@lala.com",
        "to": "user@appsus.com"
    },
    {
        "id": "e106",
        "subject": "Photos from Chile",
        "body": "Lorem ipsum dolor sit amet consectetur adipisicing elit. Quasi quod ipsam recusandae assumenda pariatur, incidunt, tenetur nulla quas odio atque aperiam veniam praesentium alias, cum optio consequuntur? Optio, maxime accusamus",
        "isRead": true,
        "isStarred": false,
        "isTrash": false,
        "isSpam": true,
        "isImportant": false,
        "isDraft": false,
        "isSnoozed": false,
        "isScheduled": true,
        "savedAt": 1660058094343,
        "from": "kuki@kuki.com",
        "to": "user@appsus.com"
    },
    {
        "id": "e107",
        "subject": "Delivery",
        "body": "Lorem ipsum dolor sit amet consectetur adipisicing elit. Quasi quod ipsam recusandae assumenda pariatur, incidunt, tenetur nulla quas odio atque aperiam veniam praesentium alias, cum optio consequuntur? Optio, maxime accusamus",
        "isRead": true,
        "isStarred": false,
        "isTrash": false,
        "isSpam": true,
        "isImportant": false,
        "isDraft": false,
        "isSnoozed": false,
        "isScheduled": true,
        "savedAt": 1660058094343,
        "from": "lala@lala.com",
        "to": "user@appsus.com"
    },
    {
        "id": "e108",
        "subject": "PROMO",
        "body": "Lorem ipsum dolor sit amet consectetur adipisicing elit. Quasi quod ipsam recusandae assumenda pariatur, incidunt, tenetur nulla quas odio atque aperiam veniam praesentium alias, cum optio consequuntur? Optio, maxime accusamus",
        "isRead": true,
        "isStarred": false,
        "isTrash": false,
        "isSpam": true,
        "isImportant": false,
        "isDraft": false,
        "isSnoozed": false,
        "isScheduled": true,
        "savedAt": 1651133930594,
        "from": "lala@lala.com",
        "to": "user@appsus.com"
    },
    {
        "id": "e109",
        "subject": "About aur last meeting",
        "body": "Lorem ipsum dolor sit amet consectetur adipisicing elit. Quasi quod ipsam recusandae assumenda pariatur, incidunt, tenetur nulla quas odio atque aperiam veniam praesentium alias, cum optio consequuntur? Optio, maxime accusamus",
        "isRead": true,
        "isStarred": false,
        "isTrash": false,
        "isSpam": true,
        "isImportant": false,
        "isDraft": false,
        "isSnoozed": false,
        "isScheduled": true,
        "savedAt": 1651133930594,
        "from": "lala@lala.com",
        "to": "user@appsus.com"
    },
    {
        "id": "e110",
        "subject": "Ps- with files attached",
        "body": "Lorem ipsum dolor sit amet consectetur adipisicing elit. Quasi quod ipsam recusandae assumenda pariatur, incidunt, tenetur nulla quas odio atque aperiam veniam praesentium alias, cum optio consequuntur? Optio, maxime accusamus",
        "isRead": false,
        "isStarred": false,
        "isTrash": false,
        "isSpam": true,
        "isImportant": false,
        "isDraft": false,
        "isSnoozed": true,
        "isScheduled": false,
        "savedAt": 1651133930594,
        "from": "kuki@kuki.com",
        "to": "user@appsus.com"
    },
    {
        "id": "e111",
        "subject": "Dinner reservation",
        "body": "Lorem ipsum dolor sit amet consectetur adipisicing elit. Quasi quod ipsam recusandae assumenda pariatur, incidunt, tenetur nulla quas odio atque aperiam veniam praesentium alias, cum optio consequuntur? Optio, maxime accusamus",
        "isRead": false,
        "isStarred": false,
        "isTrash": true,
        "isSpam": false,
        "isImportant": false,
        "isDraft": false,
        "isSnoozed": false,
        "isScheduled": true,
        "savedAt": 1651133930594,
        "from": "momo@momo.com",
        "to": "user@appsus.com"
    },
    {
        "id": "e112",
        "subject": "Ilan's Bar Mitzva",
        "body": "Lorem ipsum dolor sit amet consectetur adipisicing elit. Quasi quod ipsam recusandae assumenda pariatur, incidunt, tenetur nulla quas odio atque aperiam veniam praesentium alias, cum optio consequuntur? Optio, maxime accusamus",
        "isRead": true,
        "isStarred": false,
        "isTrash": false,
        "isSpam": false,
        "isImportant": true,
        "isDraft": false,
        "isSnoozed": false,
        "isScheduled": false,
        "savedAt": 1651133930594,
        "from": "lala@lala.com",
        "to": "user@appsus.com"
    },
    {
        "id": "e113",
        "subject": "Your order is on it's way",
        "body": "Lorem ipsum dolor sit amet consectetur adipisicing elit. Quasi quod ipsam recusandae assumenda pariatur, incidunt, tenetur nulla quas odio atque aperiam veniam praesentium alias, cum optio consequuntur? Optio, maxime accusamus",
        "isRead": true,
        "isStarred": false,
        "isTrash": true,
        "isSpam": false,
        "isImportant": false,
        "isDraft": false,
        "isSnoozed": false,
        "isScheduled": true,
        "savedAt": 1651133930594,
        "from": "lala@lala.com",
        "to": "user@appsus.com"
    },
    {
        "id": "e114",
        "subject": "Parents meeting",
        "body": "Lorem ipsum dolor sit amet consectetur adipisicing elit. Quasi quod ipsam recusandae assumenda pariatur, incidunt, tenetur nulla quas odio atque aperiam veniam praesentium alias, cum optio consequuntur? Optio, maxime accusamus",
        "isRead": true,
        "isStarred": false,
        "isTrash": false,
        "isSpam": false,
        "isImportant": true,
        "isDraft": false,
        "isSnoozed": false,
        "isScheduled": false,
        "savedAt": 1651133930594,
        "from": "kuki@kuki.com",
        "to": "user@appsus.com"
    },
    {
        "id": "e115",
        "subject": "Parent Meeting - Junior High School",
        "body": "Lorem ipsum dolor sit amet consectetur adipisicing elit. Quasi quod ipsam recusandae assumenda pariatur, incidunt, tenetur nulla quas odio atque aperiam veniam praesentium alias, cum optio consequuntur? Optio, maxime accusamus",
        "isRead": true,
        "isStarred": false,
        "isTrash": true,
        "isSpam": false,
        "isImportant": false,
        "isDraft": false,
        "isSnoozed": false,
        "isScheduled": true,
        "savedAt": 1651133930594,
        "from": "momo@momo.com",
        "to": "user@appsus.com"
    },
    {
        "id": "e116",
        "subject": "New appointment with dr. Holder",
        "body": "Lorem ipsum dolor sit amet consectetur adipisicing elit. Quasi quod ipsam recusandae assumenda pariatur, incidunt, tenetur nulla quas odio atque aperiam veniam praesentium alias, cum optio consequuntur? Optio, maxime accusamus",
        "isRead": false,
        "isStarred": false,
        "isTrash": false,
        "isSpam": true,
        "isImportant": false,
        "isDraft": false,
        "isSnoozed": false,
        "isScheduled": false,
        "savedAt": 1651133930594,
        "from": "momo@momo.com",
        "to": "user@appsus.com"
    },
    {
        "id": "e117",
        "subject": "Reminder: Sumbit date",
        "body": "Lorem ipsum dolor sit amet consectetur adipisicing elit. Quasi quod ipsam recusandae assumenda pariatur, incidunt, tenetur nulla quas odio atque aperiam veniam praesentium alias, cum optio consequuntur? Optio, maxime accusamus",
        "isRead": true,
        "isStarred": false,
        "isTrash": false,
        "isSpam": false,
        "isImportant": true,
        "isDraft": false,
        "isSnoozed": false,
        "isScheduled": false,
        "savedAt": 1651133930594,
        "from": "kuki@kuki.com",
        "to": "user@appsus.com"
    },
    {
        "id": "e118",
        "subject": "New projects for you",
        "body": "Lorem ipsum dolor sit amet consectetur adipisicing elit. Quasi quod ipsam recusandae assumenda pariatur, incidunt, tenetur nulla quas odio atque aperiam veniam praesentium alias, cum optio consequuntur? Optio, maxime accusamus",
        "isRead": false,
        "isStarred": true,
        "isTrash": false,
        "isSpam": false,
        "isImportant": false,
        "isDraft": false,
        "isSnoozed": true,
        "isScheduled": false,
        "savedAt": 1651133930594,
        "from": "lala@lala.com",
        "to": "user@appsus.com"
    },
    {
        "id": "e119",
        "subject": "New Post reactions",
        "body": "Lorem ipsum dolor sit amet consectetur adipisicing elit. Quasi quod ipsam recusandae assumenda pariatur, incidunt, tenetur nulla quas odio atque aperiam veniam praesentium alias, cum optio consequuntur? Optio, maxime accusamus",
        "isRead": true,
        "isStarred": false,
        "isTrash": false,
        "isSpam": true,
        "isImportant": false,
        "isDraft": false,
        "isSnoozed": false,
        "isScheduled": false,
        "savedAt": 1651133930594,
        "from": "momo@momo.com",
        "to": "user@appsus.com"
    },
    {
        "id": "e120",
        "subject": "re: CV Yossi Levy",
        "body": "Lorem ipsum dolor sit amet consectetur adipisicing elit. Quasi quod ipsam recusandae assumenda pariatur, incidunt, tenetur nulla quas odio atque aperiam veniam praesentium alias, cum optio consequuntur? Optio, maxime accusamus",
        "isRead": true,
        "isStarred": true,
        "isTrash": false,
        "isSpam": false,
        "isImportant": false,
        "isDraft": false,
        "isSnoozed": true,
        "isScheduled": false,
        "savedAt": 1651133930594,
        "from": "momo@momo.com",
        "to": "user@appsus.com"
    },
    {
        "id": "e201",
        "subject": "Your memory is almost full",
        "body": "Lorem ipsum dolor sit amet consectetur adipisicing elit. Quasi quod ipsam recusandae assumenda pariatur, incidunt, tenetur nulla quas odio atque aperiam veniam praesentium alias, cum optio consequuntur? Optio, maxime accusamus",
        "isRead": true,
        "isStarred": false,
        "isTrash": false,
        "isSpam": true,
        "isImportant": false,
        "isDraft": false,
        "isSnoozed": false,
        "isScheduled": true,
        "savedAt": 1645058094343,
        "from": "momo@momo.com",
        "to": "user@appsus.com"
    },
    {
        "id": "e202",
        "subject": "Meeting updates",
        "body": "Lorem ipsum dolor sit amet consectetur adipisicing elit. Quasi quod ipsam recusandae assumenda pariatur, incidunt, tenetur nulla quas odio atque aperiam veniam praesentium alias, cum optio consequuntur? Optio, maxime accusamus",
        "isRead": false,
        "isStarred": false,
        "isTrash": true,
        "isSpam": false,
        "isImportant": false,
        "isDraft": false,
        "isSnoozed": true,
        "isScheduled": false,
        "savedAt": 1644058094343,
        "from": "momo@momo.com",
        "to": "user@appsus.com"
    },
    {
        "id": "e203",
        "subject": "11.2.2022 Hearing Protocol",
        "body": "Lorem ipsum dolor sit amet consectetur adipisicing elit. Quasi quod ipsam recusandae assumenda pariatur, incidunt, tenetur nulla quas odio atque aperiam veniam praesentium alias, cum optio consequuntur? Optio, maxime accusamus",
        "isRead": false,
        "isStarred": true,
        "isTrash": false,
        "isSpam": false,
        "isImportant": true,
        "isDraft": false,
        "isSnoozed": false,
        "isScheduled": false,
        "savedAt": 1643058094343,
        "from": "lala@lala.com",
        "to": "user@appsus.com"
    },
    {
        "id": "e204",
        "subject": "Your LinkedIn account has been viewed by 47 people",
        "body": "Lorem ipsum dolor sit amet consectetur adipisicing elit. Quasi quod ipsam recusandae assumenda pariatur, incidunt, tenetur nulla quas odio atque aperiam veniam praesentium alias, cum optio consequuntur? Optio, maxime accusamus",
        "isRead": true,
        "isStarred": false,
        "isTrash": false,
        "isSpam": true,
        "isImportant": false,
        "isDraft": false,
        "isSnoozed": false,
        "isScheduled": true,
        "savedAt": 1642058094343,
        "from": "momo@momo.com",
        "to": "user@appsus.com"
    },
    {
        "id": "e205",
        "subject": "A brief update",
        "body": "Lorem ipsum dolor sit amet consectetur adipisicing elit. Quasi quod ipsam recusandae assumenda pariatur, incidunt, tenetur nulla quas odio atque aperiam veniam praesentium alias, cum optio consequuntur? Optio, maxime accusamus",
        "isRead": true,
        "isStarred": false,
        "isTrash": false,
        "isSpam": true,
        "isImportant": false,
        "isDraft": false,
        "isSnoozed": false,
        "isScheduled": true,
        "savedAt": 1641058094343,
        "from": "lala@lala.com",
        "to": "user@appsus.com"
    },
    {
        "id": "e206",
        "subject": "Photos from Chile",
        "body": "Lorem ipsum dolor sit amet consectetur adipisicing elit. Quasi quod ipsam recusandae assumenda pariatur, incidunt, tenetur nulla quas odio atque aperiam veniam praesentium alias, cum optio consequuntur? Optio, maxime accusamus",
        "isRead": true,
        "isStarred": false,
        "isTrash": false,
        "isSpam": true,
        "isImportant": false,
        "isDraft": false,
        "isSnoozed": false,
        "isScheduled": true,
        "savedAt": 1640058094343,
        "from": "kuki@kuki.com",
        "to": "user@appsus.com"
    },
    {
        "id": "e207",
        "subject": "Delivery",
        "body": "Lorem ipsum dolor sit amet consectetur adipisicing elit. Quasi quod ipsam recusandae assumenda pariatur, incidunt, tenetur nulla quas odio atque aperiam veniam praesentium alias, cum optio consequuntur? Optio, maxime accusamus",
        "isRead": true,
        "isStarred": false,
        "isTrash": false,
        "isSpam": true,
        "isImportant": false,
        "isDraft": false,
        "isSnoozed": false,
        "isScheduled": true,
        "savedAt": 1640058094343,
        "from": "lala@lala.com",
        "to": "user@appsus.com"
    },
    {
        "id": "e208",
        "subject": "PROMO",
        "body": "Lorem ipsum dolor sit amet consectetur adipisicing elit. Quasi quod ipsam recusandae assumenda pariatur, incidunt, tenetur nulla quas odio atque aperiam veniam praesentium alias, cum optio consequuntur? Optio, maxime accusamus",
        "isRead": true,
        "isStarred": false,
        "isTrash": false,
        "isSpam": true,
        "isImportant": false,
        "isDraft": false,
        "isSnoozed": false,
        "isScheduled": true,
        "savedAt": 1551133930594,
        "from": "lala@lala.com",
        "to": "user@appsus.com"
    },
    {
        "id": "e209",
        "subject": "About aur last meeting",
        "body": "Lorem ipsum dolor sit amet consectetur adipisicing elit. Quasi quod ipsam recusandae assumenda pariatur, incidunt, tenetur nulla quas odio atque aperiam veniam praesentium alias, cum optio consequuntur? Optio, maxime accusamus",
        "isRead": true,
        "isStarred": false,
        "isTrash": false,
        "isSpam": true,
        "isImportant": false,
        "isDraft": false,
        "isSnoozed": false,
        "isScheduled": true,
        "savedAt": 1551133930594,
        "from": "lala@lala.com",
        "to": "user@appsus.com"
    },
    {
        "id": "e210",
        "subject": "Ps- with files attached",
        "body": "Lorem ipsum dolor sit amet consectetur adipisicing elit. Quasi quod ipsam recusandae assumenda pariatur, incidunt, tenetur nulla quas odio atque aperiam veniam praesentium alias, cum optio consequuntur? Optio, maxime accusamus",
        "isRead": false,
        "isStarred": false,
        "isTrash": false,
        "isSpam": true,
        "isImportant": false,
        "isDraft": false,
        "isSnoozed": true,
        "isScheduled": false,
        "savedAt": 1551133930594,
        "from": "kuki@kuki.com",
        "to": "user@appsus.com"
    },
    {
        "id": "e211",
        "subject": "Dinner reservation",
        "body": "Lorem ipsum dolor sit amet consectetur adipisicing elit. Quasi quod ipsam recusandae assumenda pariatur, incidunt, tenetur nulla quas odio atque aperiam veniam praesentium alias, cum optio consequuntur? Optio, maxime accusamus",
        "isRead": false,
        "isStarred": false,
        "isTrash": true,
        "isSpam": false,
        "isImportant": false,
        "isDraft": false,
        "isSnoozed": false,
        "isScheduled": true,
        "savedAt": 1551133930594,
        "from": "momo@momo.com",
        "to": "user@appsus.com"
    },
    {
        "id": "e212",
        "subject": "Ilan's Bar Mitzva",
        "body": "Lorem ipsum dolor sit amet consectetur adipisicing elit. Quasi quod ipsam recusandae assumenda pariatur, incidunt, tenetur nulla quas odio atque aperiam veniam praesentium alias, cum optio consequuntur? Optio, maxime accusamus",
        "isRead": true,
        "isStarred": false,
        "isTrash": false,
        "isSpam": false,
        "isImportant": true,
        "isDraft": false,
        "isSnoozed": false,
        "isScheduled": false,
        "savedAt": 1551133930594,
        "from": "lala@lala.com",
        "to": "user@appsus.com"
    },
    {
        "id": "e213",
        "subject": "Your order is on it's way",
        "body": "Lorem ipsum dolor sit amet consectetur adipisicing elit. Quasi quod ipsam recusandae assumenda pariatur, incidunt, tenetur nulla quas odio atque aperiam veniam praesentium alias, cum optio consequuntur? Optio, maxime accusamus",
        "isRead": true,
        "isStarred": false,
        "isTrash": true,
        "isSpam": false,
        "isImportant": false,
        "isDraft": false,
        "isSnoozed": false,
        "isScheduled": true,
        "savedAt": 1551133930594,
        "from": "lala@lala.com",
        "to": "user@appsus.com"
    },
    {
        "id": "e214",
        "subject": "Parents meeting",
        "body": "Lorem ipsum dolor sit amet consectetur adipisicing elit. Quasi quod ipsam recusandae assumenda pariatur, incidunt, tenetur nulla quas odio atque aperiam veniam praesentium alias, cum optio consequuntur? Optio, maxime accusamus",
        "isRead": true,
        "isStarred": false,
        "isTrash": false,
        "isSpam": false,
        "isImportant": true,
        "isDraft": false,
        "isSnoozed": false,
        "isScheduled": false,
        "savedAt": 1551133930594,
        "from": "kuki@kuki.com",
        "to": "user@appsus.com"
    },
    {
        "id": "e215",
        "subject": "Parent Meeting - Junior High School",
        "body": "Lorem ipsum dolor sit amet consectetur adipisicing elit. Quasi quod ipsam recusandae assumenda pariatur, incidunt, tenetur nulla quas odio atque aperiam veniam praesentium alias, cum optio consequuntur? Optio, maxime accusamus",
        "isRead": true,
        "isStarred": false,
        "isTrash": true,
        "isSpam": false,
        "isImportant": false,
        "isDraft": false,
        "isSnoozed": false,
        "isScheduled": true,
        "savedAt": 1551133930594,
        "from": "momo@momo.com",
        "to": "user@appsus.com"
    },
    {
        "id": "e216",
        "subject": "New appointment with dr. Holder",
        "body": "Lorem ipsum dolor sit amet consectetur adipisicing elit. Quasi quod ipsam recusandae assumenda pariatur, incidunt, tenetur nulla quas odio atque aperiam veniam praesentium alias, cum optio consequuntur? Optio, maxime accusamus",
        "isRead": false,
        "isStarred": false,
        "isTrash": false,
        "isSpam": true,
        "isImportant": false,
        "isDraft": false,
        "isSnoozed": false,
        "isScheduled": false,
        "savedAt": 1551133930594,
        "from": "momo@momo.com",
        "to": "user@appsus.com"
    },
    {
        "id": "e217",
        "subject": "Reminder: Sumbit date",
        "body": "Lorem ipsum dolor sit amet consectetur adipisicing elit. Quasi quod ipsam recusandae assumenda pariatur, incidunt, tenetur nulla quas odio atque aperiam veniam praesentium alias, cum optio consequuntur? Optio, maxime accusamus",
        "isRead": true,
        "isStarred": false,
        "isTrash": false,
        "isSpam": false,
        "isImportant": true,
        "isDraft": false,
        "isSnoozed": false,
        "isScheduled": false,
        "savedAt": 1551133930594,
        "from": "kuki@kuki.com",
        "to": "user@appsus.com"
    },
    {
        "id": "e218",
        "subject": "New projects for you",
        "body": "Lorem ipsum dolor sit amet consectetur adipisicing elit. Quasi quod ipsam recusandae assumenda pariatur, incidunt, tenetur nulla quas odio atque aperiam veniam praesentium alias, cum optio consequuntur? Optio, maxime accusamus",
        "isRead": false,
        "isStarred": true,
        "isTrash": false,
        "isSpam": false,
        "isImportant": false,
        "isDraft": false,
        "isSnoozed": true,
        "isScheduled": false,
        "savedAt": 1551133930594,
        "from": "lala@lala.com",
        "to": "user@appsus.com"
    },
    {
        "id": "e219",
        "subject": "New Post reactions",
        "body": "Lorem ipsum dolor sit amet consectetur adipisicing elit. Quasi quod ipsam recusandae assumenda pariatur, incidunt, tenetur nulla quas odio atque aperiam veniam praesentium alias, cum optio consequuntur? Optio, maxime accusamus",
        "isRead": true,
        "isStarred": false,
        "isTrash": false,
        "isSpam": true,
        "isImportant": false,
        "isDraft": false,
        "isSnoozed": false,
        "isScheduled": false,
        "savedAt": 1551133930594,
        "from": "momo@momo.com",
        "to": "user@appsus.com"
    },
    {
        "id": "e220",
        "subject": "re: CV Yossi Levy",
        "body": "Lorem ipsum dolor sit amet consectetur adipisicing elit. Quasi quod ipsam recusandae assumenda pariatur, incidunt, tenetur nulla quas odio atque aperiam veniam praesentium alias, cum optio consequuntur? Optio, maxime accusamus",
        "isRead": true,
        "isStarred": true,
        "isTrash": false,
        "isSpam": false,
        "isImportant": false,
        "isDraft": false,
        "isSnoozed": true,
        "isScheduled": false,
        "savedAt": 1551133930594,
        "from": "momo@momo.com",
        "to": "user@appsus.com"
    }
]